序号,题目名称,算法类型,错误数,Top3 失误,复习优先级,上次练习日期
1,k个最大元素(快选),快速选择,9,"1.变量覆盖参数 2.概念混淆povit 3.判断对象错误",🔴 高,2026-07-23
2,最大子数组和,DP,7,"1.maxSum=null编译错 2.dp[i]递推断裂 3.返回局部最优",🔴 高,2026-07-23
3,前 K 个高频元素,堆,4,"1.PriorityQueue拼写 2.比较器方向 3.遍历对象错误",🔴 高,2026-07-23
4,四数之和,双指针,4,"1.忘sort 2.越界 3.存索引非值 4.target硬编码",🔴 高,2026-07-23
5,最大子数组和(分治),分治,4,"1.变量混淆crossMax 2.边界排除mid 3.参数拼写",🔴 高,2026-07-23
6,三数之和,双指针,3,"1.when缺{} 2.存索引非值 3.缺去重",🔴 高,2026-07-23
7,合并k个有序链表,堆+链表,3,"1.lambda语法 2.peek死循环 3.指针不前进",🟡 中,2026-07-23
8,无重复的最长字串,滑动窗口,3,"1.HashMap类型 2.窗口条件写反 3.left收缩位置",🟡 中,2026-07-23
9,k个最大元素,堆,1,"1.函数引用 receiver 未绑定",🟢 低,2026-07-23
